<?xml version="1.0" encoding="UTF-8"?>

<process name="qualificationApplyDifference" xmlns="http://jbpm.org/4.4/jpdl">
   <start g="15,127,48,27" name="开始">
      <transition g="-27,-41" name="机队申报" to="机队申报"/>
   </start>
   
   <task assignee="#{JiDui}" form="tf-qua-apply/tf-qua-apply!toJiDuiForm.do" g="96,124,100,47" name="机队申报">
      <transition g="-75,-44" name="分公司级飞管标准专员审核报批" to="分公司级飞管标准专员审核报批"/>
   </task>
   
   <task assignee="#{FgsZhuanYuan}" form="tf-qua-apply/tf-qua-apply-difference!toFgsZhuanYuanForm.do" g="227,123,204,50" name="分公司级飞管标准专员审核报批">
      <transition g="-12,-32" name="结束" to="结束"/>
   </task>
   <end g="460,128,109,55" name="结束"/>
</process>