<?xml version="1.0" encoding="UTF-8"?>

<process name="subQualificationApplyF4" xmlns="http://jbpm.org/4.4/jpdl">
   <start g="8,58,48,48" name="start1">
      <transition assignee="#{XlZhuanYuan}" form="tf-qua-apply/tf-qua-apply!toXlZhuanYuanForm.do" g="-38,-35" name="下达训练计划" to="下达训练计划"/>
   </start>
   <end g="395,361,48,48" name="结束"/>
   <task assignee="#{jiaoyuan}" form="tf-qua-apply/tf-qua-apply!toJiaoYuanForm.do" g="212,54,75,52" name="教员填单">
      <transition g="-27,-35" name="检查员填单" to="检查员填单"/>
   </task>
   <task assignee="#{JianChaYuan}" form="tf-qua-apply/tf-qua-apply!toJianChaYuanForm.do" g="314,54,77,52" name="检查员填单">
      <transition g="-11,-34" name="下发" to="exclusive1"/>
   </task>
   <task assignee="#{FgsZhuRen}" form="tf-qua-apply/tf-qua-apply!toFgsZhuRenForm.do" g="459,176,248,52" name="分公司级技术委员会办公室主任审核报批">
      <transition g="-206,-6" name="公司技术委员会办公室主任审核报批" to="公司技术委员会办公室主任审核报批"/>
   </task>
   <task assignee="#{GsZhuRen}" form="tf-qua-apply/tf-qua-apply!toGsZhuRenForm.do" g="466,268,235,52" name="公司技术委员会办公室主任审核报批">
      <transition g="-137,-7" name="公司飞管专员发文确认" to="公司飞管专员发文确认"/>
   </task>
   <task assignee="#{GsZhuanYuanOver}" form="tf-qua-apply/tf-qua-apply!toGsZhuanYuanOverForm.do" g="493,359,177,52" name="公司飞管专员发文确认">
      <transition g="-17,19" name="结束" to="结束"/>
   </task>
   <task assignee="#{FgsZy}" form="tf-qua-apply/tf-qua-apply!toFgsZyForm.do" g="532,54,92,52" name="本场训练">
      <transition g="3,-15" name="分公司级技术委员会办公室主任审核报批" to="分公司级技术委员会办公室主任审核报批"/>
   </task>
   <task g="91,55,92,52" name="下达训练计划">
      <transition g="-23,-33" name="教员填单" to="教员填单"/>
   </task>
   <decision g="425,59,48,48" name="exclusive1">
    <handler class="com.sinoframe.common.jbpm4.SubQuaApplyF4Handler" />
      <transition g="-22,-41" name="本场训练" to="本场训练"/>
      <transition g="-221,5" name="分公司级技术委员会办公室主任审核报批" to="分公司级技术委员会办公室主任审核报批"/>
   </decision>
</process>