<?xml version="1.0" encoding="UTF-8"?>

<process name="qualificationApplySpecial" xmlns="http://jbpm.org/4.4/jpdl">
   <start g="14,41,48,48" name="开始">
      <transition g="-31,-37" name="机队申报" to="机队申报"/>
   </start>
   <task assignee="#{JiDui}" form="tf-qua-apply/tf-qua-apply!toJiDuiForm.do" g="136,37,88,52" name="机队申报">
      <transition g="-80,-39" name="分公司级飞管标准专员审核报批" to="分公司级飞管标准专员审核报批"/>
   </task>
    <task assignee="#{FgsZhuanYuan}" form="tf-qua-apply/tf-qua-apply!toFgsZhuanYuanForm.do" g="309,35,190,52" name="分公司级飞管标准专员审核报批">
      <transition g="-94,-42" name="分公司级飞管标准高级经理审核报批" to="分公司级飞管标准高级经理审核报批"/>
   </task>
    <task assignee="#{FgsJingLi}" form="tf-qua-apply/tf-qua-apply!toFgsJingLiForm.do" g="600,29,206,52" name="分公司级飞管标准高级经理审核报批">
      <transition g="-150,-18" name="分公司级飞管领导审核报批" to="分公司级飞管领导审核报批"/>
   </task>
   <task assignee="#{FgsLingDao}" form="tf-qua-apply/tf-qua-apply!toFgsLingDaoForm.do" g="624,186,163,52" name="分公司级飞管领导审核报批">
      <transition g="-72,31" name="分公司级飞管标准专员申报" to="分公司级飞管标准专员申报"/>
   </task>
   <task assignee="#{FgsZhuanYuan}" form="tf-qua-apply/tf-qua-apply-special!toGsZhuanYuanSbForm.do" g="322,186,177,55" name="分公司级飞管标准专员申报">
      <transition g="-18,29" name="结束" to="结束"/>
   </task>
   <end g="175,195,48,45" name="结束"/>

  
</process>